Año,Mes,Canal,N° de expediente,Num certificado exportacion,Sede,Razon envio,TExpoAnimal.EMBARQUE_FECHA,TExpoAnimal.DESEMBARQUE_FECHA,Producto ,Categoria de riesgo,Unidad de medida,Peso,Cantidad envase,Tipo envase,TExpoAnimal.ID_SERVICIO,Fecha inspeccion,Inspeccion hora,Medio transporte,Pc Salida,Orden vuce,Pais destino,Punto llegada,Estado,Tipo de proceso,Tasa
2023,1,VUCE,230180000623,231800000001,ICA,OTRO LUGAR DE INSPECCION,10/01/2023,11/01/2023,REPTILES,3,UNIDAD,5000,5000,CAJAS DE CARTON,31,09/01/2023,10:00:00,NULL,ICA,O2023007798,EL SALVADOR,"AEROPUERTO INTERNACIONAL MONSEÑOR
OSCAR ARNULFO ROMERO Y GALDAMEZ",ACTIVO,E,6.12
2023,1,VUCE,230180005224,231800000002,ICA,OTRO LUGAR DE INSPECCION,31/01/2023,01/02/2023,REPTILES,3,UNIDAD,10000,10000,CAJAS DE CARTON,31,30/01/2023,10:00:00,NULL,ICA,O2023066617,EL SALVADOR,"AEROPUERTO INTERNACIONAL MONSEÑOR
OSCAR ARNULFO ROMERO Y GALDAMEZ",ACTIVO,E,6.12
2023,2,VUCE,230180006535,231800000003,ICA,OTRO LUGAR DE INSPECCION,07/02/2023,08/02/2023,REPTILES,3,UNIDAD,5000,5000,CAJAS DE CARTON,31,06/02/2023,10:00:00,NULL,ICA,O2023084871,EL SALVADOR,"AEROPUERTO INTERNACIONAL MONSEÑOR
OSCAR ARNULFO ROMERO Y GALDAMEZ",ACTIVO,E,6.12
2023,2,VUCE,230180009020,231800000004,ICA,OTRO LUGAR DE INSPECCION,14/02/2023,15/02/2023,REPTILES,3,UNIDAD,5000,5000,CAJAS DE CARTON,31,13/02/2023,10:00:00,NULL,ICA,O2023105821,EL SALVADOR,"AEROPUERTO INTERNACIONAL MONSEÑOR
OSCAR ARNULFO ROMERO Y GALDAMEZ",ACTIVO,E,6.12
2023,2,VUCE,230180012662,231800000005,ICA,OTRO LUGAR DE INSPECCION,07/03/2023,08/03/2023,REPTILES,3,UNIDAD,2700,2700,CAJAS DE CARTON,31,06/03/2023,10:00:00,NULL,ICA,O2023152787,EL SALVADOR,"AEROPUERTO INTERNACIONAL MONSEÑOR
OSCAR ARNULFO ROMERO Y GALDAMEZ",ACTIVO,E,6.12
2023,3,VUCE,230180014666,231800000008,ICA,OTRO LUGAR DE INSPECCION,28/03/2023,29/03/2023,REPTILES,3,UNIDAD,7000,7000,CAJAS DE CARTON,31,27/03/2023,10:00:00,NULL,ICA,O2023209088,EL SALVADOR,"AEROPUERTO INTERNACIONAL MONSEÑOR
OSCAR ARNULFO ROMERO Y GALDAMEZ",ACTIVO,E,6.12
2023,3,VUCE,230180012794,231800000006,ICA,OTRO LUGAR DE INSPECCION,07/03/2023,08/03/2023,REPTILES,3,UNIDAD,500,500,CAJAS DE CARTON,31,06/03/2023,10:00:00,NULL,ICA,O2023156473,EL SALVADOR,"AEROPUERTO INTERNACIONAL MONSEÑOR
OSCAR ARNULFO ROMERO Y GALDAMEZ",ACTIVO,E,6.12
2023,3,VUCE,230180013250,231800000007,ICA,OTRO LUGAR DE INSPECCION,07/03/2023,08/03/2023,REPTILES,3,UNIDAD,2300,2300,CAJAS DE CARTON,31,06/03/2023,10:00:00,NULL,ICA,O2023164336,EL SALVADOR,"AEROPUERTO INTERNACIONAL MONSEÑOR
OSCAR ARNULFO ROMERO Y GALDAMEZ",ACTIVO,E,6.12
2023,5,VUCE,230180017520,231800000009,ICA,OTRO LUGAR DE INSPECCION,23/05/2023,24/05/2023,REPTILES,3,UNIDAD,2200,2200,CAJAS DE CARTON,31,22/05/2023,10:00:00,NULL,ICA,O2023353521,EL SALVADOR,"AEROPUERTO INTERNACIONAL MONSEÑOR
OSCAR ARNULFO ROMERO Y GALDAMEZ",ACTIVO,E,6.12
2023,6,VUCE,230180018214,231800000010,ICA,OTRO LUGAR DE INSPECCION,06/06/2023,07/06/2023,REPTILES,3,UNIDAD,2200,2200,CAJAS DE CARTON,31,05/06/2023,10:00:00,NULL,ICA,O2023394603,EL SALVADOR,"AEROPUERTO INTERNACIONAL MONSEÑOR
OSCAR ARNULFO ROMERO Y GALDAMEZ",ACTIVO,E,6.12
2023,6,VUCE,230180018234,231800000011,ICA,OTRO LUGAR DE INSPECCION,06/06/2023,07/06/2023,REPTILES,3,UNIDAD,800,800,CAJAS DE CARTON,31,05/06/2023,10:00:00,NULL,ICA,O2023394773,EL SALVADOR,"AEROPUERTO INTERNACIONAL MONSEÑOR
OSCAR ARNULFO ROMERO Y GALDAMEZ",ACTIVO,E,6.12
2023,8,VUCE,230180020795,231800000012,ICA,OTRO LUGAR DE INSPECCION,15/08/2023,16/08/2023,REPTILES,3,UNIDAD,2000,2000,CAJAS DE CARTON,31,14/08/2023,10:00:00,NULL,ICA,O2023560459,EL SALVADOR,"AEROPUERTO INTERNACIONAL MONSEÑOR
OSCAR ARNULFO ROMERO Y GALDAMEZ",ACTIVO,E,6.12
2023,8,VUCE,230180021795,231800000013,ICA,OTRO LUGAR DE INSPECCION,29/08/2023,30/08/2023,REPTILES,3,UNIDAD,2000,2000,CAJAS DE CARTON,31,28/08/2023,10:00:00,NULL,ICA,O2023611068,EL SALVADOR,"AEROPUERTO INTERNACIONAL MONSEÑOR
OSCAR ARNULFO ROMERO Y GALDAMEZ",ACTIVO,E,6.12
2023,9,VUCE,230180022641,231800000014,ICA,OTRO LUGAR DE INSPECCION,19/09/2023,20/09/2023,REPTILES,3,UNIDAD,1750,1750,CAJAS DE CARTON,31,18/09/2023,10:00:00,NULL,ICA,O2023651102,EL SALVADOR,"AEROPUERTO INTERNACIONAL MONSEÑOR
OSCAR ARNULFO ROMERO Y GALDAMEZ",ACTIVO,E,6.12
2023,9,VUCE,230180023409,231800000015,ICA,OTRO LUGAR DE INSPECCION,26/09/2023,27/09/2023,REPTILES,3,UNIDAD,1750,1750,CAJAS DE CARTON,31,25/09/2023,10:00:00,NULL,ICA,O2023686242,EL SALVADOR,"AEROPUERTO INTERNACIONAL MONSEÑOR
OSCAR ARNULFO ROMERO Y GALDAMEZ",ACTIVO,E,6.12
2023,10,VUCE,230180024972,231800000016,ICA,OTRO LUGAR DE INSPECCION,24/10/2023,25/10/2023,REPTILES,3,UNIDAD,2140,2140,CAJAS DE CARTON,31,23/10/2023,10:00:00,NULL,ICA,O2023756298,EL SALVADOR,"AEROPUERTO INTERNACIONAL MONSEÑOR
OSCAR ARNULFO ROMERO Y GALDAMEZ",ACTIVO,E,6.12
2023,11,VUCE,230180026883,231800000019,ICA,OTRO LUGAR DE INSPECCION,14/11/2023,15/11/2023,REPTILES,3,UNIDAD,1900,1900,CAJAS DE CARTON,31,13/11/2023,10:00:00,NULL,ICA,O2023826144,EL SALVADOR,"AEROPUERTO INTERNACIONAL MONSEÑOR
OSCAR ARNULFO ROMERO Y GALDAMEZ",ACTIVO,E,6.12
2023,11,VUCE,230180026246,231800000017,ICA,OTRO LUGAR DE INSPECCION,07/11/2023,08/11/2023,REPTILES,3,UNIDAD,1182,1182,CAJAS DE CARTON,31,06/11/2023,10:00:00,NULL,ICA,O2023805643,EL SALVADOR,"AEROPUERTO INTERNACIONAL MONSEÑOR
OSCAR ARNULFO ROMERO Y GALDAMEZ",ACTIVO,E,6.12
2023,11,VUCE,230180026252,231800000018,ICA,OTRO LUGAR DE INSPECCION,07/11/2023,08/11/2023,REPTILES,3,UNIDAD,240,240,CAJAS DE CARTON,31,06/11/2023,10:00:00,NULL,ICA,O2023805967,EL SALVADOR,"AEROPUERTO INTERNACIONAL MONSEÑOR
OSCAR ARNULFO ROMERO Y GALDAMEZ",ACTIVO,E,6.12
2023,11,VUCE,230180027578,231800000020,ICA,OTRO LUGAR DE INSPECCION,21/11/2023,22/11/2023,REPTILES,3,UNIDAD,2116,2116,CAJAS DE CARTON,31,20/11/2023,10:00:00,NULL,ICA,O2023843260,EL SALVADOR,"AEROPUERTO INTERNACIONAL MONSEÑOR
OSCAR ARNULFO ROMERO Y GALDAMEZ",ACTIVO,E,6.12
2023,12,VUCE,230180034572,231800000023,ICA,OTRO LUGAR DE INSPECCION,20/12/2023,21/12/2023,REPTILES,3,UNIDAD,4000,4000,CAJAS DE CARTON,31,19/12/2023,10:00:00,NULL,ICA,O2023934390,EL SALVADOR,"AEROPUERTO INTERNACIONAL MONSEÑOR
OSCAR ARNULFO ROMERO Y GALDAMEZ",ACTIVO,E,6.12
2023,12,VUCE,230180032938,231800000021,ICA,OTRO LUGAR DE INSPECCION,12/12/2023,13/12/2023,REPTILES,3,UNIDAD,5000,5000,CAJAS DE CARTON,31,11/12/2023,10:00:00,NULL,ICA,O2023914463,EL SALVADOR,"AEROPUERTO INTERNACIONAL MONSEÑOR
OSCAR ARNULFO ROMERO Y GALDAMEZ",ACTIVO,E,6.12
2023,12,VUCE,230180032939,231800000022,ICA,OTRO LUGAR DE INSPECCION,12/12/2023,13/12/2023,REPTILES,3,UNIDAD,120,120,CAJAS DE CARTON,31,11/12/2023,10:00:00,NULL,ICA,O2023914467,EL SALVADOR,"AEROPUERTO INTERNACIONAL MONSEÑOR
OSCAR ARNULFO ROMERO Y GALDAMEZ",ACTIVO,E,6.12
2023,1,BPM,230180005588,230160000008,ICA,EN ORIGEN,02/02/2023,02/02/2023,PERROS,0,NULL,0,1,KENNEL,NULL,30/01/2023,13:01:00,AEREO,OFICINA PUESTO DE CONTROL AEREO -  PROV. CONST. DEL CALLAO,NULL,CHILE,NULL,ACTIVO,E,6.12
2023,1,BPM,230180005244,230160000006,ICA,EN ORIGEN,31/01/2023,31/01/2023,PERROS,0,NULL,0,1,KENNEL,NULL,27/01/2023,13:01:00,AEREO,OFICINA PUESTO DE CONTROL AEREO -  PROV. CONST. DEL CALLAO,NULL,BRASIL,NULL,ACTIVO,E,6.12
2023,1,BPM,230180005524,230160000007,ICA,EN ORIGEN,02/02/2023,02/02/2023,PERROS,0,NULL,0,1,KENNEL,NULL,31/01/2023,13:01:00,AEREO,OFICINA PUESTO DE CONTROL AEREO -  PROV. CONST. DEL CALLAO,NULL,CHILE,NULL,ACTIVO,E,6.12
2023,1,BPM,230180002224,230160000003,ICA,EN ORIGEN,14/01/2023,14/01/2023,PERROS,0,NULL,0,1,KENNEL,NULL,12/01/2023,01:01:00,AEREO,OFICINA PUESTO DE CONTROL AEREO -  PROV. CONST. DEL CALLAO,NULL,CHILE,NULL,ACTIVO,E,6.12
2023,2,BPM,230180010010,230160000010,ICA,EN ORIGEN,21/02/2023,22/02/2023,GATOS,0,NULL,0,1,KENNEL,NULL,15/02/2023,01:01:00,AEREO,OFICINA PUESTO DE CONTROL AEREO -  PROV. CONST. DEL CALLAO,NULL,ARGENTINA,NULL,ACTIVO,E,6.12
2023,2,BPM,230180010617,230160000012,ICA,EN ORIGEN,22/02/2023,23/02/2023,PERROS,0,NULL,0,1,KENNEL,NULL,17/02/2023,13:01:00,AEREO,OFICINA PUESTO DE CONTROL AEREO -  PROV. CONST. DEL CALLAO,NULL,ITALIA,NULL,ACTIVO,E,6.12
2023,2,BPM,230180006533,230160000009,ICA,PUESTO DE CONTROL,03/02/2023,04/02/2023,PERROS,0,NULL,0,1,EN PIE,NULL,02/02/2023,01:01:00,TERRESTRE,"SANTA ROSA, TACNA",NULL,CHILE,NULL,ACTIVO,E,6.12
2023,4,BPM,230180016237,230160000015,ICA,EN ORIGEN,27/04/2023,27/04/2023,PERROS,0,NULL,0,1,KENNEL,NULL,19/04/2023,13:01:00,AEREO,OFICINA PUESTO DE CONTROL AEREO -  PROV. CONST. DEL CALLAO,NULL,VENEZUELA,NULL,ACTIVO,E,6.12
2023,4,BPM,230180015464,230160000014,ICA,EN ORIGEN,04/04/2023,04/04/2023,PERROS,0,NULL,0,1,KENNEL,NULL,03/04/2023,01:01:00,AEREO,OFICINA PUESTO DE CONTROL AEREO -  PROV. CONST. DEL CALLAO,NULL,COLOMBIA,NULL,ACTIVO,E,6.12
2023,6,BPM,230180018231,230160000016,ICA,PUESTO DE CONTROL,11/06/2023,11/06/2023,PERROS,0,NULL,0,1,EN PIE,NULL,05/06/2023,01:01:00,TERRESTRE,"DESAGUADERO, PUNO",NULL,BOLIVIA,NULL,ACTIVO,E,6.12
2023,8,BPM,230180022228,230160000024,ICA,OTRO LUGAR DE INSPECCION,01/09/2023,03/09/2023,PERROS,0,NULL,0,1,KENNEL,NULL,31/08/2023,13:01:00,TERRESTRE,"AGUAS VERDES, TUMBES",NULL,COLOMBIA,NULL,ACTIVO,E,6.12
2023,8,BPM,230180022132,230160000023,ICA,EN ORIGEN,04/09/2023,04/09/2023,PERROS,0,NULL,0,1,EN PIE,NULL,29/08/2023,13:01:00,AEREO,OFICINA PUESTO DE CONTROL AEREO -  PROV. CONST. DEL CALLAO,NULL,COLOMBIA,NULL,ACTIVO,E,6.12
2023,8,BPM,230180021012,230160000020,ICA,EN ORIGEN,14/08/2023,14/08/2023,PERROS,0,NULL,0,1,KENNEL,NULL,09/08/2023,01:01:00,AEREO,OFICINA PUESTO DE CONTROL AEREO -  PROV. CONST. DEL CALLAO,NULL,COLOMBIA,NULL,ACTIVO,E,6.12
2023,8,BPM,230180021289,230160000021,ICA,OTRO LUGAR DE INSPECCION,16/08/2023,18/08/2023,PERROS,0,NULL,0,1,KENNEL,NULL,14/08/2023,13:01:00,TERRESTRE,"SANTA ROSA, TACNA",NULL,CHILE,NULL,ACTIVO,E,6.12
2023,8,BPM,230180020804,230160000019,ICA,OTRO LUGAR DE INSPECCION,06/08/2023,10/08/2023,PERROS,0,NULL,0,1,EN PIE,NULL,04/08/2023,01:01:00,TERRESTRE,"SANTA ROSA, TACNA",NULL,ARGENTINA,NULL,ACTIVO,E,6.12
2023,9,BPM,230180022541,230160000027,ICA,EN ORIGEN,09/09/2023,09/09/2023,PERROS,0,NULL,0,1,KENNEL,NULL,06/09/2023,13:01:00,AEREO,OFICINA PUESTO DE CONTROL AEREO -  PROV. CONST. DEL CALLAO,NULL,CHILE,NULL,ACTIVO,E,6.12
2023,9,BPM,230180023345,230160000028,ICA,PUESTO DE CONTROL,23/09/2023,28/09/2023,PERROS,0,NULL,0,1,KENNEL,NULL,20/09/2023,03:00:00,TERRESTRE,PUESTO DE CONTROL TERRESTRE DESAGUADERO,NULL,ARGENTINA,NULL,ACTIVO,E,6.12
2023,9,BPM,230180022357,230160000025,ICA,OTRO LUGAR DE INSPECCION,02/09/2023,03/09/2023,PERROS,0,NULL,0,1,EN PIE,NULL,01/09/2023,01:01:00,TERRESTRE,"SANTA ROSA, TACNA",NULL,CHILE,NULL,ACTIVO,E,6.12
2023,11,BPM,230180030400,230160000031,ICA,EN ORIGEN,07/12/2023,08/12/2023,GATOS,0,NULL,0,1,KENNEL,NULL,01/12/2023,01:01:00,AEREO,OFICINA PUESTO DE CONTROL AEREO -  PROV. CONST. DEL CALLAO,NULL,VENEZUELA,NULL,ACTIVO,E,6.12
2023,11,BPM,230180030395,230160000030,ICA,EN ORIGEN,07/12/2023,08/12/2023,GATOS,0,NULL,0,1,KENNEL,NULL,01/12/2023,01:01:00,AEREO,OFICINA PUESTO DE CONTROL AEREO -  PROV. CONST. DEL CALLAO,NULL,VENEZUELA,NULL,ACTIVO,E,6.12
2023,11,BPM,230180027965,230160000029,ICA,EN ORIGEN,21/11/2023,22/11/2023,PERROS,0,NULL,0,1,EN PIE,NULL,17/11/2023,01:01:00,AEREO,OFICINA PUESTO DE CONTROL AEREO -  PROV. CONST. DEL CALLAO,NULL,COLOMBIA,NULL,ACTIVO,E,6.12
2023,12,BPM,230180030650,230160000032,ICA,OTRO LUGAR DE INSPECCION,04/12/2023,11/12/2023,PERROS,0,NULL,0,1,EN PIE,NULL,01/12/2023,01:01:00,TERRESTRE,Complejo Aduanero de Carpitas,NULL,VENEZUELA,NULL,ACTIVO,E,6.12
2023,12,BPM,230180035865,230160000036,ICA,EN ORIGEN,28/12/2023,28/12/2023,PERROS,0,NULL,0,1,KENNEL,NULL,27/12/2023,01:01:00,AEREO,OFICINA PUESTO DE CONTROL AEREO -  PROV. CONST. DEL CALLAO,NULL,CHILE,NULL,ACTIVO,E,6.12
2023,12,BPM,230180035880,230160000037,ICA,EN ORIGEN,26/12/2023,27/12/2023,PERROS,0,NULL,0,1,ENVASE,NULL,22/12/2023,01:01:00,AEREO,OFICINA PUESTO DE CONTROL AEREO -  PROV. CONST. DEL CALLAO,NULL,CHILE,NULL,ACTIVO,E,6.12
2023,12,BPM,230180033124,230160000033,ICA,EN ORIGEN,15/12/2023,15/12/2023,PERROS,0,NULL,0,1,KENNEL,NULL,12/12/2023,13:01:00,AEREO,OFICINA PUESTO DE CONTROL AEREO -  PROV. CONST. DEL CALLAO,NULL,ARGENTINA,NULL,ACTIVO,E,6.12
2023,12,BPM,230180033276,230160000034,ICA,EN ORIGEN,15/12/2023,15/12/2023,PERROS,0,NULL,0,1,KENNEL,NULL,12/12/2023,13:01:00,AEREO,OFICINA PUESTO DE CONTROL AEREO -  PROV. CONST. DEL CALLAO,NULL,COLOMBIA,NULL,ACTIVO,E,6.12
2024,2,VUCE,240180007294,241800000001,ICA,OTRO LUGAR DE INSPECCION,13/02/2024,14/02/2024,REPTILES,3,UNIDAD,5000,5000,CAJAS DE CARTON,31,12/02/2024,10:00:00,NULL,ICA,O2024100060,EL SALVADOR,"AEROPUERTO INTERNACIONAL MONSEÑOR
OSCAR ARNULFO ROMERO Y GALDAMEZ",ACTIVO,E,6.12
2024,2,VUCE,240180007295,241800000002,ICA,OTRO LUGAR DE INSPECCION,13/02/2024,14/02/2024,REPTILES,3,UNIDAD,500,500,CAJAS DE CARTON,31,12/02/2024,10:00:00,NULL,ICA,O2024100107,EL SALVADOR,"AEROPUERTO INTERNACIONAL MONSEÑOR
OSCAR ARNULFO ROMERO Y GALDAMEZ",ACTIVO,E,6.12
2024,2,VUCE,240180007299,241800000003,ICA,OTRO LUGAR DE INSPECCION,13/02/2024,14/02/2024,REPTILES,3,UNIDAD,380,380,CAJAS DE CARTON,31,12/02/2024,10:00:00,NULL,ICA,O2024100185,EL SALVADOR,"AEROPUERTO INTERNACIONAL MONSEÑOR
OSCAR ARNULFO ROMERO Y GALDAMEZ",ACTIVO,E,6.12
2024,3,VUCE,240180009747,241800000004,ICA,OTRO LUGAR DE INSPECCION,12/03/2024,13/03/2024,REPTILES,3,UNIDAD,5000,5000,CAJAS DE CARTON,31,11/03/2024,10:00:00,NULL,ICA,O2024173012,EL SALVADOR,"AEROPUERTO INTERNACIONAL MONSEÑOR
OSCAR ARNULFO ROMERO Y GALDAMEZ",ACTIVO,E,6.12
2024,4,VUCE,240180012037,241800000005,ICA,OTRO LUGAR DE INSPECCION,04/05/2024,05/05/2024,REPTILES,3,UNIDAD,1020,1020,CAJAS DE CARTON,31,03/05/2024,10:00:00,NULL,ICA,O2024289253,EL SALVADOR,"AEROPUERTO INTERNACIONAL MONSEÑOR
OSCAR ARNULFO ROMERO Y GALDAMEZ",ACTIVO,E,6.12
2024,4,VUCE,240180012111,241800000006,ICA,OTRO LUGAR DE INSPECCION,04/05/2024,05/05/2024,REPTILES,3,UNIDAD,1400,1400,CAJAS DE CARTON,31,03/05/2024,10:00:00,NULL,ICA,O2024293127,EL SALVADOR,"AEROPUERTO INTERNACIONAL MONSEÑOR
OSCAR ARNULFO ROMERO Y GALDAMEZ",ACTIVO,E,6.12
2024,8,VUCE,240180017340,241800000007,ICA,OTRO LUGAR DE INSPECCION,21/08/2024,22/08/2024,REPTILES,3,UNIDAD,1352,1352,CAJAS DE CARTON,31,20/08/2024,10:00:00,NULL,ICA,O2024569579,EL SALVADOR,"AEROPUERTO INTERNACIONAL MONSEÑOR
OSCAR ARNULFO ROMERO Y GALDAMEZ",ACTIVO,E,6.12
2024,9,VUCE,240180019603,241800000008,ICA,OTRO LUGAR DE INSPECCION,02/10/2024,03/10/2024,REPTILES,3,UNIDAD,1352,1352,CAJAS DE CARTON,31,01/10/2024,10:00:00,NULL,ICA,O2024684775,EL SALVADOR,"AEROPUERTO INTERNACIONAL MONSEÑOR
OSCAR ARNULFO ROMERO Y GALDAMEZ",ACTIVO,E,6.12
2024,11,VUCE,240180023614,241800000009,ICA,OTRO LUGAR DE INSPECCION,27/11/2024,28/11/2024,REPTILES,3,UNIDAD,800,800,CAJAS DE CARTON,31,26/11/2024,10:00:00,NULL,ICA,O2024857583,EL SALVADOR,"AEROPUERTO INTERNACIONAL MONSEÑOR
OSCAR ARNULFO ROMERO Y GALDAMEZ",ACTIVO,E,6.12
2024,12,VUCE,240180025491,241800000010,ICA,OTRO LUGAR DE INSPECCION,11/12/2024,12/12/2024,REPTILES,3,UNIDAD,3000,3000,CAJAS DE CARTON,31,10/12/2024,10:00:00,NULL,ICA,O2024898988,EL SALVADOR,"AEROPUERTO INTERNACIONAL MONSEÑOR
OSCAR ARNULFO ROMERO Y GALDAMEZ",ACTIVO,E,6.12
2024,12,VUCE,240180027193,241800000011,ICA,OTRO LUGAR DE INSPECCION,18/12/2024,19/12/2024,REPTILES,3,UNIDAD,3000,3000,CAJAS DE CARTON,31,17/12/2024,10:00:00,NULL,ICA,O2024924239,EL SALVADOR,"AEROPUERTO INTERNACIONAL MONSEÑOR
OSCAR ARNULFO ROMERO Y GALDAMEZ",ACTIVO,E,6.12
2024,1,BPM,240180004032,240160000001,ICA,OTRO LUGAR DE INSPECCION,20/01/2024,21/01/2024,PERROS,0,NULL,0,1,BIG BAG PRODUCTO VETERINARIO,NULL,18/01/2024,01:01:00,TERRESTRE,"SANTA ROSA, TACNA",NULL,CHILE,NULL,ACTIVO,E,6.12
2024,2,BPM,240180007894,240160000007,ICA,EN ORIGEN,20/02/2024,20/02/2024,PERROS,0,NULL,0,1,KENNEL,NULL,15/02/2024,01:01:00,AEREO,OFICINA PUESTO DE CONTROL AEREO -  PROV. CONST. DEL CALLAO,NULL,VENEZUELA,NULL,ACTIVO,E,6.12
2024,2,BPM,240180007878,240160000006,ICA,PUESTO DE CONTROL,15/02/2024,20/02/2024,PERROS,0,NULL,0,1,KENNEL,NULL,15/02/2024,01:01:00,TERRESTRE,"SANTA ROSA, TACNA",NULL,CHILE,NULL,ACTIVO,E,6.12
2024,3,BPM,240180010202,240160000009,ICA,EN ORIGEN,21/03/2024,22/03/2024,PERROS,0,NULL,0,1,BIG BAG PRODUCTO VETERINARIO,NULL,19/03/2024,13:01:00,AEREO,OFICINA PUESTO DE CONTROL AEREO -  PROV. CONST. DEL CALLAO,NULL,REPUBLICA DOMINICANA,NULL,ACTIVO,E,6.12
2024,3,BPM,240180010693,240160000011,ICA,EN ORIGEN,06/04/2024,06/04/2024,PERROS,0,NULL,0,1,KENNEL,NULL,27/03/2024,01:01:00,AEREO,OFICINA PUESTO DE CONTROL AEREO -  PROV. CONST. DEL CALLAO,NULL,COLOMBIA,NULL,ACTIVO,E,6.12
2024,4,BPM,240180011453,240160000015,ICA,OTRO LUGAR DE INSPECCION,17/04/2024,19/04/2024,PERROS,0,NULL,0,1,KENNEL,NULL,16/04/2024,13:01:00,TERRESTRE,"IÑAPARI, MADRE DE DIOS",NULL,BRASIL,NULL,ACTIVO,E,6.12
2024,4,BPM,240180010883,240160000013,ICA,EN ORIGEN,06/04/2024,06/04/2024,FELINO SILVESTRE,5,NULL,0,1,KENNEL,NULL,02/04/2024,01:01:00,AEREO,OFICINA PUESTO DE CONTROL AEREO -  PROV. CONST. DEL CALLAO,NULL,COLOMBIA,NULL,ACTIVO,E,6.12
2024,4,BPM,240180010808,240160000012,ICA,EN ORIGEN,04/04/2024,04/04/2024,FELINO SILVESTRE,5,NULL,0,1,KENNEL,NULL,01/04/2024,01:01:00,AEREO,OFICINA PUESTO DE CONTROL AEREO -  PROV. CONST. DEL CALLAO,NULL,COLOMBIA,NULL,ACTIVO,E,6.12
2024,4,BPM,240180010808,240160000012,ICA,EN ORIGEN,04/04/2024,04/04/2024,PERROS,0,NULL,0,1,KENNEL,NULL,01/04/2024,01:01:00,AEREO,OFICINA PUESTO DE CONTROL AEREO -  PROV. CONST. DEL CALLAO,NULL,COLOMBIA,NULL,ACTIVO,E,6.12
2024,5,BPM,240180012161,240160000016,ICA,OTRO LUGAR DE INSPECCION,05/05/2024,12/05/2024,PERROS,0,NULL,0,1,EN PIE,NULL,02/05/2024,01:01:00,TERRESTRE,"AGUAS VERDES, TUMBES",NULL,VENEZUELA,NULL,ACTIVO,E,6.12
2024,6,BPM,240180014557,240160000022,ICA,EN ORIGEN,04/07/2024,04/07/2024,PERROS,0,NULL,0,1,KENNEL,NULL,28/06/2024,01:11:00,AEREO,OFICINA PUESTO DE CONTROL AEREO -  PROV. CONST. DEL CALLAO,NULL,ARGENTINA,NULL,ACTIVO,E,6.12
2024,7,BPM,240180015270,240160000027,ICA,EN ORIGEN,13/07/2024,14/07/2024,FELINO SILVESTRE,5,NULL,0,1,KENNEL,NULL,09/07/2024,13:01:00,AEREO,OFICINA PUESTO DE CONTROL AEREO -  PROV. CONST. DEL CALLAO,NULL,CHILE,NULL,ACTIVO,E,6.12
2024,7,BPM,240180015266,240160000023,ICA,EN ORIGEN,13/07/2024,15/07/2024,PERROS,0,NULL,0,1,KENNEL,NULL,09/07/2024,13:01:00,AEREO,OFICINA PUESTO DE CONTROL AEREO -  PROV. CONST. DEL CALLAO,NULL,CHILE,NULL,ACTIVO,E,6.12
2024,7,BPM,240180015267,240160000024,ICA,EN ORIGEN,13/07/2024,14/07/2024,FELINO SILVESTRE,5,NULL,0,1,KENNEL,NULL,09/07/2024,13:01:00,AEREO,OFICINA PUESTO DE CONTROL AEREO -  PROV. CONST. DEL CALLAO,NULL,CHILE,NULL,ACTIVO,E,6.12
2024,7,BPM,240180015268,240160000025,ICA,EN ORIGEN,13/07/2024,14/07/2024,FELINO SILVESTRE,5,NULL,0,1,KENNEL,NULL,09/07/2024,13:01:00,AEREO,OFICINA PUESTO DE CONTROL AEREO -  PROV. CONST. DEL CALLAO,NULL,CHILE,NULL,ACTIVO,E,6.12
2024,7,BPM,240180015269,240160000026,ICA,EN ORIGEN,13/07/2024,14/07/2024,FELINO SILVESTRE,5,NULL,0,1,KENNEL,NULL,09/07/2024,13:01:00,AEREO,OFICINA PUESTO DE CONTROL AEREO -  PROV. CONST. DEL CALLAO,NULL,CHILE,NULL,ACTIVO,E,6.12
2024,8,BPM,240180017912,240160000029,ICA,EN ORIGEN,01/09/2024,01/09/2024,PERROS,0,NULL,0,1,EN PIE,NULL,26/09/2024,01:01:00,AEREO,OFICINA PUESTO DE CONTROL AEREO -  PROV. CONST. DEL CALLAO,NULL,COLOMBIA,NULL,ACTIVO,E,6.12
2024,9,BPM,240180019151,240160000033,ICA,OTRO LUGAR DE INSPECCION,20/09/2024,28/09/2024,PERROS,0,NULL,0,1,EN PIE,NULL,18/09/2024,01:01:00,TERRESTRE,"AGUAS VERDES, TUMBES",NULL,ECUADOR,NULL,ACTIVO,E,6.12
2024,9,BPM,240180018300,240160000031,ICA,EN ORIGEN,11/09/2024,11/09/2024,FELINO SILVESTRE,5,NULL,0,1,KENNEL,NULL,03/09/2024,01:01:00,AEREO,OFICINA PUESTO DE CONTROL AEREO -  PROV. CONST. DEL CALLAO,NULL,CHILE,NULL,ACTIVO,E,6.12
2024,9,BPM,240180018301,240160000032,ICA,EN ORIGEN,11/09/2024,11/09/2024,PERROS,0,NULL,0,1,KENNEL,NULL,03/09/2024,01:01:00,AEREO,OFICINA PUESTO DE CONTROL AEREO -  PROV. CONST. DEL CALLAO,NULL,CHILE,NULL,ACTIVO,E,6.12
2024,10,BPM,240180020538,240160000034,ICA,OTRO LUGAR DE INSPECCION,11/10/2024,18/10/2024,PERROS,0,NULL,0,1,KENNEL,NULL,09/10/2024,13:01:00,TERRESTRE,"AGUAS VERDES, TUMBES",NULL,COLOMBIA,NULL,ACTIVO,E,6.12
2024,10,BPM,240180021487,240160000040,ICA,EN ORIGEN,05/11/2024,06/11/2024,PERROS,0,NULL,0,1,KENNEL,NULL,30/10/2024,13:01:00,AEREO,OFICINA PUESTO DE CONTROL AEREO -  PROV. CONST. DEL CALLAO,NULL,ITALIA,NULL,ACTIVO,E,6.12
2024,10,BPM,240180020539,240160000035,ICA,EN ORIGEN,15/10/2024,15/10/2024,PERROS,0,NULL,0,1,KENNEL,NULL,10/10/2024,13:01:00,AEREO,OFICINA PUESTO DE CONTROL AEREO -  PROV. CONST. DEL CALLAO,NULL,ARGENTINA,NULL,ACTIVO,E,6.12
2024,10,BPM,240180020540,240160000036,ICA,EN ORIGEN,15/10/2024,15/10/2024,PERROS,0,NULL,0,1,KENNEL,NULL,10/10/2024,13:01:00,AEREO,OFICINA PUESTO DE CONTROL AEREO -  PROV. CONST. DEL CALLAO,NULL,ARGENTINA,NULL,ACTIVO,E,6.12
2024,10,BPM,240180020545,240160000037,ICA,EN ORIGEN,15/10/2024,15/10/2024,FELINO SILVESTRE,5,NULL,0,1,KENNEL,NULL,10/10/2024,13:01:00,AEREO,OFICINA PUESTO DE CONTROL AEREO -  PROV. CONST. DEL CALLAO,NULL,ARGENTINA,NULL,ACTIVO,E,6.12
2024,10,BPM,240180021643,240160000041,ICA,EN ORIGEN,01/11/2024,01/11/2024,FELINO SILVESTRE,5,NULL,0,1,KENNEL,NULL,29/10/2024,13:01:00,AEREO,OFICINA PUESTO DE CONTROL AEREO -  PROV. CONST. DEL CALLAO,NULL,ARGENTINA,NULL,ACTIVO,E,6.12
2024,10,BPM,240180021644,240160000042,ICA,EN ORIGEN,01/11/2024,01/11/2024,PERROS,0,NULL,0,1,KENNEL,NULL,29/10/2024,13:01:00,AEREO,OFICINA PUESTO DE CONTROL AEREO -  PROV. CONST. DEL CALLAO,NULL,ARGENTINA,NULL,ACTIVO,E,6.12
2024,10,BPM,240180021432,240160000039,ICA,EN ORIGEN,30/10/2024,30/10/2024,PERROS,0,NULL,0,1,KENNEL,NULL,25/10/2024,01:01:00,AEREO,OFICINA PUESTO DE CONTROL AEREO -  PROV. CONST. DEL CALLAO,NULL,VENEZUELA,NULL,ACTIVO,E,6.12
2024,11,BPM,240180023549,240160000043,ICA,EN ORIGEN,27/11/2024,27/11/2024,PERROS,0,NULL,0,1,KENNEL,NULL,22/11/2024,01:01:00,AEREO,OFICINA PUESTO DE CONTROL AEREO -  PROV. CONST. DEL CALLAO,NULL,COLOMBIA,NULL,ACTIVO,E,6.12
2024,11,BPM,240180024609,240160000044,ICA,EN ORIGEN,03/12/2024,04/12/2024,PERROS,0,NULL,0,1,KENNEL,NULL,28/11/2024,13:01:00,AEREO,OFICINA PUESTO DE CONTROL AEREO -  PROV. CONST. DEL CALLAO,NULL,COLOMBIA,NULL,ACTIVO,E,6.12
2024,12,BPM,240180026920,240160000047,ICA,EN ORIGEN,19/12/2024,20/12/2024,PERROS,0,NULL,0,1,KENNEL,NULL,11/12/2024,01:01:00,AEREO,OFICINA PUESTO DE CONTROL AEREO -  PROV. CONST. DEL CALLAO,NULL,BRASIL,NULL,ACTIVO,E,6.12
2024,12,BPM,240180026918,240160000046,ICA,EN ORIGEN,19/12/2024,20/12/2024,PERROS,0,NULL,0,1,KENNEL,NULL,11/12/2024,01:01:00,AEREO,OFICINA PUESTO DE CONTROL AEREO -  PROV. CONST. DEL CALLAO,NULL,BRASIL,NULL,ACTIVO,E,6.12
2024,12,BPM,240180026961,240160000048,ICA,EN ORIGEN,17/12/2024,17/12/2024,PERROS,0,NULL,0,1,KENNEL,NULL,11/12/2024,01:01:00,AEREO,OFICINA PUESTO DE CONTROL AEREO -  PROV. CONST. DEL CALLAO,NULL,COLOMBIA,NULL,ACTIVO,E,6.12
2024,12,BPM,240180027146,240160000049,ICA,EN ORIGEN,19/12/2024,19/12/2024,PERROS,0,NULL,0,1,KENNEL,NULL,12/12/2024,01:01:00,AEREO,OFICINA PUESTO DE CONTROL AEREO -  PROV. CONST. DEL CALLAO,NULL,COLOMBIA,NULL,ACTIVO,E,6.12
2024,12,BPM,240180025481,240160000045,ICA,EN ORIGEN,09/12/2024,09/12/2024,PERROS,0,NULL,0,1,KENNEL,NULL,04/12/2024,01:01:00,AEREO,OFICINA PUESTO DE CONTROL AEREO -  PROV. CONST. DEL CALLAO,NULL,REPUBLICA DOMINICANA,NULL,ACTIVO,E,6.12
